tweet_id,rating_numerator,rating_denominator,favorite_count,retweet_count,p_dog_breed,dog_type
892177421306343426,13,10,32867,6207,Chihuahua,
891815181378084864,12,10,24758,4107,Chihuahua,
891689557279858688,13,10,41696,8546,Labrador Retriever,
891327558926688256,12,10,39869,9276,Basset,
891087950875897856,13,10,20020,3077,Chesapeake Bay Retriever,
890971913173991426,13,10,11710,2043,Appenzeller,
890729181411237888,13,10,64761,18671,Pomeranian,
890609185150312448,13,10,27521,4219,Irish Terrier,
890240255349198849,14,10,31572,7310,Pembroke,Doggo
890006608113172480,13,10,30336,7253,Samoyed,
889880896479866881,13,10,27495,4922,French Bulldog,
889665388333682689,13,10,47610,9952,Pembroke,Puppo
889638837579907072,12,10,26868,4493,French Bulldog,
889531135344209921,13,10,14935,2213,Golden Retriever,Puppo
889278841981685760,13,10,25022,5359,Whippet,
888917238123831296,12,10,28790,4451,Golden Retriever,
888804989199671297,13,10,25318,4277,Golden Retriever,
888554962724278272,13,10,19667,3536,Siberian Husky,
888078434458587136,12,10,21521,3458,French Bulldog,
887705289381826560,13,10,29834,5330,Basset,
887473957103951883,13,10,68353,18006,Pembroke,
887343217045368832,13,10,33318,10296,Mexican Hairless,
887101392804085760,12,10,30237,5901,Samoyed,
886983233522544640,13,10,34788,7697,Chihuahua,
886736880519319552,13,10,11922,3254,Kuvasz,
886366144734445568,12,10,20965,3167,French Bulldog,Pupper
886258384151887873,13,10,27689,6213,Pug,
885984800019947520,12,10,32341,6740,Blenheim Spaniel,
885528943205470208,13,10,35604,6362,Pug,
885311592912609280,13,10,0,18410,Labrador Retriever,
885167619883638784,13,10,21697,4337,Malamute,
884925521741709313,12,10,76667,18257,Italian Greyhound,
884876753390489601,13,10,27626,5730,Chow,
884562892145688576,13,10,24055,4822,Pug,
884441805382717440,14,10,26714,5595,Pembroke,
884162670584377345,12,10,20158,2953,German Shepherd,Doggo
883838122936631299,12,10,21664,3410,Doberman,
883360690899218434,13,10,22333,3644,Chow,Floofer
883117836046086144,13,10,36798,6610,Golden Retriever,
882992080364220416,13,10,23711,3882,Eskimo Dog,
882762694511734784,12,10,28020,4873,Labrador Retriever,Pupper
882627270321602560,13,10,27621,6029,Pembroke,
882268110199369728,13,10,44498,11487,Golden Retriever,
882045870035918850,13,10,29042,4927,Golden Retriever,
881906580714921986,12,10,24062,3368,Weimaraner,
881666595344535552,13,10,50022,10568,Saluki,
881536004380872706,14,10,48920,15813,Samoyed,Pupper
880872448815771648,12,10,21060,3782,Pembroke,
880465832366813184,12,10,28242,6225,Golden Retriever,
880221127280381952,12,10,26773,4172,Chihuahua,
880095782870896641,11,10,27359,4322,Miniature Pinscher,
879862464715927552,13,10,22107,3469,Basset,
879492040517615616,12,10,23190,3158,German Short Haired Pointer,
879415818425184262,13,10,104797,43835,English Springer,
879376492567855104,12,10,16607,3097,Labrador Retriever,
879008229531029506,13,10,18787,2672,Vizsla,
878776093423087618,13,10,19218,4101,Italian Greyhound,Puppo
878281511006478336,13,10,7676,1279,Basset,
878057613040115712,14,10,41634,6775,French Bulldog,
877736472329191424,13,10,79066,18971,Chesapeake Bay Retriever,
877611172832227328,14,10,0,80,Irish Setter,Pupper
877556246731214848,12,10,22512,3782,Basset,
877316821321428993,13,10,27101,5141,Saluki,
877201837425926144,12,10,26846,5548,Pembroke,
876838120628539392,12,10,20467,3327,Bloodhound,Pupper
876484053909872640,13,10,18580,2382,Golden Retriever,
876120275196170240,13,10,27657,4666,Bernese Mountain Dog,
875747767867523072,13,10,24964,4265,Labrador Retriever,
875144289856114688,13,10,21733,4901,Siberian Husky,
875021211251597312,12,10,25240,4693,West Highland White Terrier,
874680097055178752,12,10,27599,4626,Labrador Retriever,
874296783580663808,13,10,25846,4094,Cocker Spaniel,Pupper
874057562936811520,12,10,22460,3943,Flat Coated Retriever,
874012996292530176,13,10,34343,10404,Cardigan,Puppo
873580283840344065,13,10,24041,3941,Newfoundland,
873213775632977920,12,10,7189,1586,Vizsla,Pupper
872967104147763200,12,10,27191,5396,Labrador Retriever,Doggo
872820683541237760,13,10,14609,3695,Pug,
872620804844003328,13,10,20645,3697,Cocker Spaniel,
872486979161796608,12,10,40418,9008,Pembroke,
872261713294495745,13,10,34006,6334,Labrador Retriever,
872122724285648897,12,10,34284,8125,Pug,
871879754684805121,13,10,37835,11211,Shetland Sheepdog,
871762521631449091,12,10,20187,3481,Labrador Retriever,Pupper
871515927908634625,12,10,20125,3460,Komondor,Doggo
871032628920680449,13,10,22574,3824,Kelpie,
870656317836468226,13,10,12384,2660,Pembroke,
870374049280663552,13,10,82502,26363,Golden Retriever,
870308999962521604,13,10,21772,4178,Greater Swiss Mountain Dog,
869772420881756160,13,10,42354,10104,Pembroke,
869702957897576449,13,10,28229,6384,Pembroke,
869596645499047938,12,10,15967,3153,Chihuahua,Doggo
869227993411051520,13,10,20434,3817,Pembroke,
868880397819494401,14,10,65724,14654,French Bulldog,
868622495443632128,13,10,27247,5847,Labrador Retriever,
868552278524837888,12,10,10164,2119,Whippet,
867900495410671616,12,10,24233,4219,Labrador Retriever,
867774946302451713,13,10,34084,7428,Border Collie,
867421006826221569,12,10,16165,2540,Eskimo Dog,Puppo
867072653475098625,13,10,0,123,Blenheim Spaniel,
867051520902168576,13,10,32360,7974,Samoyed,
866686824827068416,12,10,19427,3536,Flat Coated Retriever,
866450705531457537,13,10,122922,35817,French Bulldog,Pupper
866334964761202691,12,10,52900,14698,Samoyed,
865718153858494464,13,10,25781,5707,Golden Retriever,
865359393868664832,13,10,26662,5083,Chesapeake Bay Retriever,
865006731092295680,13,10,28222,7824,Pembroke,
864279568663928832,12,10,14741,3105,Bull Mastiff,
864197398364647424,13,10,30418,9125,Golden Retriever,
863553081350529029,13,10,15443,4261,Eskimo Dog,
863432100342583297,12,10,24051,5373,Staffordshire Bullterrier,
863079547188785154,14,10,8851,1122,Lakeland Terrier,
863062471531167744,13,10,8622,2514,French Bulldog,
862831371563274240,13,10,19375,5197,Australian Terrier,
862722525377298433,11,10,17257,3610,Basset,
862096992088072192,13,10,75483,23874,Chow,
861383897657036800,13,10,36502,10965,Cardigan,
861288531465048066,13,10,17395,4266,Bouvier Des Flandres,
861005113778896900,12,10,16931,3902,German Shepherd,
860563773140209665,13,10,7610,2216,Cardigan,
860524505164394496,13,10,23952,5417,Bedlington Terrier,
859924526012018688,12,10,19829,4216,French Bulldog,
859851578198683649,13,10,15630,3609,Labrador Retriever,
859607811541651456,13,10,18871,1614,Golden Retriever,Puppo
859196978902773760,12,10,91477,31133,Malamute,
858843525470990336,13,10,15794,3582,Golden Retriever,Doggo
858471635011153920,13,10,21869,5006,Pembroke,
858107933456039936,12,10,16004,3011,Golden Retriever,
857989990357356544,12,10,16402,2667,French Bulldog,
857746408056729600,13,10,34934,10997,Labrador Retriever,
857393404942143489,13,10,6025,1700,Malamute,
857263160327368704,13,10,20405,4684,Samoyed,
857029823797047296,12,10,19322,4152,Golden Retriever,
856543823941562368,12,10,16614,2986,Boston Bull,
856526610513747968,14,10,12086,1950,Old English Sheepdog,
856282028240666624,14,10,28326,6565,Chihuahua,
855851453814013952,13,10,46451,18443,Flat Coated Retriever,Doggo & Puppo
855459453768019968,12,10,30667,8575,Blenheim Spaniel,
854732716440526848,12,10,23452,6388,Pembroke,
854482394044301312,13,10,30122,7191,Chihuahua,
854365224396361728,13,10,19424,4904,Pembroke,
854120357044912130,14,10,32871,7852,Black And Tan Coonhound,Pupper
854010172552949760,11,10,16661,3305,English Springer,Doggo & Floofer
853760880890318849,12,10,29437,6085,Miniature Pinscher,
853639147608842240,13,10,35949,10655,German Shepherd,
852912242202992640,12,10,9347,1933,Great Dane,
852672615818899456,12,10,15409,2270,Golden Retriever,
852553447878664193,13,10,16922,3707,Bloodhound,
852189679701164033,12,10,11865,1673,Bernese Mountain Dog,
851953902622658560,13,10,0,10184,Staffordshire Bullterrier,Doggo
851591660324737024,11,10,16780,3667,Cardigan,
851224888060895234,13,10,21446,6054,Standard Poodle,
850753642995093505,11,10,32196,9834,Pug,
850380195714523136,13,10,13555,2774,Yorkshire Terrier,
850145622816686080,11,10,16953,4056,Kelpie,
850019790995546112,12,10,21255,5195,Shetland Sheepdog,Pupper
849776966551130114,12,10,31671,8068,Chihuahua,
849412302885593088,12,10,16506,3337,Schipperke,
848690551926992896,12,10,26255,4589,Flat Coated Retriever,
848324959059550208,12,10,25801,4900,Malamute,
847842811428974592,12,10,5714,1432,Bernese Mountain Dog,
847606175596138505,12,10,19592,3613,Cardigan,
847251039262605312,12,10,21346,4580,Airedale,
847157206088847362,11,10,20862,6251,Staffordshire Bullterrier,
847116187444137987,11,10,22392,3405,American Staffordshire Terrier,
846874817362120707,13,10,20995,4189,Shetland Sheepdog,
846514051647705089,13,10,46717,12420,Golden Retriever,Doggo
846153765933735936,13,10,33169,9702,Giant Schnauzer,
846042936437604353,12,10,16734,3092,Golden Retriever,
845812042753855489,13,10,30697,9366,Samoyed,
845677943972139009,12,10,26295,5121,Chow,
845397057150107648,13,10,7989,1943,Dandie Dinmont,Doggo
845306882940190720,12,10,24446,5781,Irish Water Spaniel,Pupper
844979544864018432,13,10,14281,2770,Shetland Sheepdog,
844973813909606400,12,10,15837,3443,Labrador Retriever,
844704788403113984,13,10,40614,11092,Labrador Retriever,
844223788422217728,12,10,14299,2353,Labrador Retriever,
843856843873095681,12,10,22461,4967,Labrador Retriever,
843604394117681152,11,10,17732,2956,Labrador Retriever,
843235543001513987,13,10,22563,6510,Pembroke,
842846295480000512,13,10,15978,3858,Labrador Retriever,
842765311967449089,12,10,7086,1368,Labrador Retriever,
842535590457499648,13,10,19010,3761,Pembroke,
842163532590374912,12,10,25733,6238,French Bulldog,
842115215311396866,12,10,14729,3259,Chow,
841833993020538882,13,10,0,16541,Samoyed,
841680585030541313,12,10,26953,8342,Chihuahua,
841439858740625411,14,10,13287,3951,Labrador Retriever,
841314665196081154,13,10,16666,5056,Afghan Hound,
841077006473256960,12,10,24105,5718,Brittany Spaniel,
840632337062862849,12,10,9453,1891,Golden Retriever,
840268004936019968,12,10,20317,6181,Chesapeake Bay Retriever,
839990271299457024,13,10,14160,2478,Staffordshire Bullterrier,
839549326359670784,12,10,29019,8401,Norwich Terrier,
839239871831150596,13,10,28674,7068,Leonberg,
838921590096166913,13,10,11788,2242,Border Terrier,
838561493054533637,13,10,11520,1432,Kelpie,
838476387338051585,13,10,23855,5214,Great Pyrenees,
838083903487373313,13,10,18629,3411,Chow,
837820167694528512,12,10,36114,8516,Golden Retriever,Pupper
837471256429613056,12,10,13519,2488,Norwegian Elkhound,
837366284874571778,13,10,22319,5738,American Staffordshire Terrier,
837110210464448512,13,10,16923,2596,Siberian Husky,Pupper
836989968035819520,12,10,13460,2483,Toy Poodle,
836753516572119041,12,10,20332,5004,Schipperke,Doggo
836260088725786625,13,10,22485,4652,Borzoi,
836001077879255040,13,10,20210,4657,Samoyed,
835574547218894849,11,10,18833,3939,Staffordshire Bullterrier,
835297930240217089,12,10,17358,3241,Rottweiler,
835264098648616962,12,10,8216,1848,Chesapeake Bay Retriever,
835172783151792128,12,10,27664,6241,Border Collie,
834931633769889797,12,10,11465,1793,Soft Coated Wheaten Terrier,
834786237630337024,13,10,22380,5941,Border Terrier,
834574053763584002,13,10,14508,2748,Golden Retriever,Doggo
834458053273591808,12,10,10188,1819,Rhodesian Ridgeback,
834209720923721728,12,10,21842,5210,Golden Retriever,
834086379323871233,12,10,13838,2409,Labrador Retriever,
833863086058651648,12,10,14210,2617,Kuvasz,
833826103416520705,13,10,16263,3745,Chihuahua,
833722901757046785,13,10,21914,3490,West Highland White Terrier,
833479644947025920,13,10,15753,2251,Golden Retriever,
833124694597443584,12,10,21407,5264,Cardigan,Pupper
832998151111966721,13,10,14103,2416,Boxer,Doggo
832757312314028032,13,10,17842,3949,Cardigan,
832636094638288896,12,10,16823,3044,Eskimo Dog,
832397543355072512,12,10,12681,2422,Pekinese,
832369877331693569,11,10,18185,3466,Kelpie,
832273440279240704,14,10,11997,2538,Pembroke,Doggo
832215726631055365,13,10,0,10234,Afghan Hound,
832040443403784192,12,10,0,10600,Miniature Pinscher,
832032802820481025,12,10,18930,5080,Whippet,Doggo
831939777352105988,12,10,25474,6691,Pomeranian,Doggo
831911600680497154,14,10,29382,7114,Bloodhound,
831670449226514432,13,10,11091,1980,Pembroke,
831650051525054464,13,10,7619,2117,Eskimo Dog,
831552930092285952,13,10,9567,2502,Chihuahua,
831322785565769729,12,10,9747,1664,Old English Sheepdog,Doggo
831315979191906304,13,10,6925,1216,Briard,Pupper
831309418084069378,12,10,12452,2664,Doberman,
831262627380748289,12,10,12655,2240,Cocker Spaniel,
830956169170665475,12,10,8469,1633,Kuvasz,
830583320585068544,13,10,71126,18410,Labrador Retriever,
830097400375152640,13,10,10453,3288,Toy Poodle,
829878982036299777,12,10,0,5494,Golden Retriever,Doggo
829861396166877184,12,10,13012,2138,Border Terrier,
829501995190984704,12,10,33751,11601,French Bulldog,
829449946868879360,11,10,11128,2215,Labrador Retriever,Doggo
829374341691346946,13,10,36835,10184,Staffordshire Bullterrier,Doggo
829141528400556032,12,10,26098,8109,Golden Retriever,
829011960981237760,13,10,56400,17730,Boxer,
828770345708580865,13,10,27205,6437,Chesapeake Bay Retriever,
828708714936930305,10,10,38973,12286,Mexican Hairless,
828650029636317184,14,10,10113,1473,Golden Retriever,
828409743546925057,12,10,6692,1258,Toy Poodle,
828408677031882754,12,10,8141,1404,Weimaraner,
828381636999917570,14,10,13446,2430,Bedlington Terrier,Doggo
828376505180889089,13,10,7861,1163,American Staffordshire Terrier,
828372645993398273,12,10,13339,3212,Malamute,
828011680017821696,11,10,11040,2347,American Staffordshire Terrier,
827933404142436356,12,10,21454,5718,German Shepherd,Pupper
827653905312006145,12,10,16437,3293,Collie,
827600520311402496,13,10,7890,1038,Pembroke,
827324948884643840,12,10,16925,3354,Golden Retriever,
827199976799354881,13,10,11272,2456,Great Dane,
826958653328592898,12,10,23017,5494,Golden Retriever,Doggo
826848821049180160,13,10,38908,11220,Great Pyrenees,Doggo
826598365270007810,13,10,10745,2569,French Bulldog,
826476773533745153,12,10,19638,4596,German Shepherd,Doggo
826240494070030336,11,10,14153,2833,French Bulldog,
826204788643753985,13,10,5207,1022,Labrador Retriever,Doggo
826115272272650244,13,10,16732,3438,Golden Retriever,
825829644528148480,12,10,13601,2731,Great Pyrenees,
825535076884762624,14,10,55573,18879,Rottweiler,Puppo
825147591692263424,13,10,19538,5018,Pekinese,
825026590719483904,12,10,6782,1413,Eskimo Dog,Puppo
824775126675836928,12,10,15973,3869,Border Terrier,
824663926340194305,13,10,10766,1902,English Setter,
824325613288833024,13,10,12582,11400,Pembroke,Pupper
823939628516474880,12,10,11387,2979,Schipperke,
823699002998870016,12,10,13441,2656,Cairn,
823581115634085888,11,10,13933,2905,German Shepherd,
823322678127919110,11,10,16842,4415,Chihuahua,
823269594223824897,11,10,0,10842,Samoyed,
822975315408461824,12,10,18484,3788,Pembroke,
822872901745569793,13,10,141614,48255,Lakeland Terrier,Puppo
822859134160621569,12,10,14130,2503,Malinois,
822647212903690241,13,10,0,7054,Samoyed,
822610361945911296,12,10,15801,3256,Cocker Spaniel,
822489057087389700,13,10,19422,7054,Samoyed,
822462944365645825,14,10,30515,16151,Pomeranian,Pupper
822244816520155136,11,10,37503,10842,Samoyed,
821886076407029760,13,10,12162,2578,Golden Retriever,
821813639212650496,12,10,0,3676,Saint Bernard,
821765923262631936,13,10,9020,1834,Golden Retriever,Doggo
821522889702862852,13,10,8594,1946,Doberman,
821407182352777218,14,10,12607,4793,Irish Setter,Doggo
821149554670182400,12,10,9348,2217,German Shepherd,
821107785811234820,11,10,10274,2343,Pomeranian,Doggo
821044531881721856,12,10,13569,2521,Old English Sheepdog,
820749716845686786,13,10,33807,10934,Golden Retriever,
820446719150292993,13,10,0,2848,Golden Retriever,
820314633777061888,14,10,3575,626,Gordon Setter,
819952236453363712,13,10,5704,1304,American Staffordshire Terrier,Puppo
819711362133872643,11,10,14433,3463,Toy Poodle,
819588359383371776,13,10,10255,2170,Cardigan,
819347104292290561,12,10,7743,1333,Rottweiler,
819227688460238848,12,10,24772,7368,Border Terrier,
819015337530290176,14,10,0,40421,Standard Poodle,Doggo
819004803107983360,14,10,92616,40421,Standard Poodle,Doggo
818627210458333184,13,10,23821,8213,Labrador Retriever,
818614493328580609,12,10,10582,2851,Chihuahua,
818588835076603904,11,10,0,6785,Norwegian Elkhound,Pupper
818536468981415936,11,10,11717,2736,Welsh Springer Spaniel,
818259473185828864,12,10,11827,2527,Miniature Schnauzer,
818145370475810820,11,10,13188,2871,Golden Retriever,
817827839487737858,13,10,55681,29970,Cocker Spaniel,
817777686764523521,13,10,11481,2946,Curly Coated Retriever,Doggo & Pupper
817536400337801217,12,10,12664,3346,Pug,
817423860136083457,13,10,36772,16541,Samoyed,
817415592588222464,11,10,6039,1063,Doberman,
817181837579653120,13,10,0,9399,Tibetan Mastiff,Pupper
817171292965273600,13,10,9374,2220,Golden Retriever,
817120970343411712,13,10,13071,2898,Saluki,
817056546584727552,11,10,9206,1823,Kelpie,
816829038950027264,12,10,0,5211,Golden Retriever,Puppo
816816676327063552,12,10,10732,2249,Malamute,
816697700272001025,12,10,10538,2440,Chihuahua,
816336735214911488,11,10,9242,2162,Labrador Retriever,
816091915477250048,12,10,9592,2379,Pomeranian,
816014286006976512,11,10,0,5875,English Setter,
815990720817401858,11,10,5373,1152,Chihuahua,
815966073409433600,13,10,24135,9399,Tibetan Mastiff,Pupper
815736392542261248,11,10,10578,2505,Border Collie,
815639385530101762,12,10,8834,1818,German Shepherd,
814986499976527872,11,10,8211,1431,Dalmatian,Pupper
814638523311648768,12,10,12127,3000,Golden Retriever,
814530161257443328,12,10,9316,2052,Miniature Poodle,
814153002265309185,12,10,30947,9624,Golden Retriever,
813944609378369540,11,10,0,3549,Labrador Retriever,
813910438903693312,11,10,9983,2083,Siberian Husky,Doggo
813812741911748608,14,10,39089,15503,French Bulldog,
813800681631023104,12,10,8977,1951,Malamute,
813217897535406080,13,10,20106,8074,Samoyed,
813202720496779264,11,10,9871,1990,Cocker Spaniel,Doggo
813187593374461952,13,10,21349,4828,Golden Retriever,
813172488309972993,12,10,10039,2114,Golden Retriever,
813157409116065792,12,10,8342,2455,Pembroke,
813142292504645637,13,10,9056,2611,Beagle,
813127251579564032,11,10,12773,3459,Norwegian Elkhound,Doggo
813112105746448384,12,10,11134,3052,Pembroke,
813096984823349248,11,10,11324,3993,Great Dane,Doggo
813081950185472002,11,10,10627,3067,Doberman,
813066809284972545,12,10,8576,2149,Toy Terrier,
813051746834595840,13,10,22572,8117,Golden Retriever,
743609206067040256,10,10,4741,1490,Weimaraner,
743545585370791937,11,10,3729,1011,Standard Poodle,
743253157753532416,10,10,4483,1310,Malamute,Puppo
743222593470234624,12,10,6558,2054,Kuvasz,Pupper
743210557239623680,10,10,4058,1469,Golden Retriever,
742423170473463808,12,10,10411,4113,Pug,
742385895052087300,11,10,7187,2151,Cardigan,
741793263812808706,10,10,4822,1632,Kuvasz,
741743634094141440,11,10,8646,2989,Labrador Retriever,Pupper
741303864243200000,12,10,9268,3492,Chihuahua,
741067306818797568,12,10,9987,3332,Golden Retriever,Doggo & Pupper
740995100998766593,10,10,6767,2987,Malamute,
740676976021798912,11,10,19184,7349,Norwegian Elkhound,Pupper
740214038584557568,10,10,7079,2122,Chesapeake Bay Retriever,
739979191639244800,12,10,21090,6383,Irish Water Spaniel,
739932936087216128,10,10,4290,1164,Redbone,
739844404073074688,12,10,4003,918,Toy Poodle,
739544079319588864,10,10,41961,23116,Labrador Retriever,
739238157791694849,13,10,122299,62665,Eskimo Dog,Doggo
738885046782832640,11,10,3983,1230,American Staffordshire Terrier,
738883359779196928,10,10,3531,876,Labrador Retriever,
738537504001953792,11,10,5388,1686,Chow,Puppo
738402415918125056,10,10,3455,914,Cocker Spaniel,
738166403467907072,12,10,9303,3679,Keeshond,
738156290900254721,10,10,2680,709,Pug,
737826014890496000,10,10,5559,1903,Vizsla,
737800304142471168,10,10,10554,3732,Malamute,
737678689543020544,11,10,5326,1440,Pembroke,
737445876994609152,13,10,10892,4814,Samoyed,Floofer
736736130620620800,13,10,4567,1870,Schipperke,
736365877722001409,11,10,4213,1349,Toy Poodle,Pupper
736225175608430592,10,10,8590,2980,Labrador Retriever,
736010884653420544,10,10,8354,3210,Golden Retriever,
735991953473572864,11,10,3808,1234,Cocker Spaniel,
735648611367784448,12,10,4239,1180,Pembroke,Pupper
735635087207878657,11,10,6522,2543,Pug,
734912297295085568,10,10,2888,555,Maltese Dog,
734787690684657664,13,10,13261,6782,Golden Retriever,
734776360183431168,11,10,2643,583,Siberian Husky,
733828123016450049,10,10,3791,834,Beagle,
733822306246479872,10,10,3875,1083,Lhasa,Floofer
733482008106668032,10,10,3320,1023,French Bulldog,
733460102733135873,11,10,4443,1377,Chow,
733109485275860992,12,10,47101,17320,Golden Retriever,Doggo & Pupper
732732193018155009,12,10,2577,575,Staffordshire Bullterrier,
732726085725589504,11,10,3728,955,Pomeranian,
732585889486888962,10,10,3882,825,Staffordshire Bullterrier,
732375214819057664,11,10,8529,2714,Basset,Doggo
732005617171337216,11,10,15751,5875,English Setter,
731285275100512256,12,10,3676,1060,Pembroke,
730573383004487680,10,10,5189,2318,American Staffordshire Terrier,Pupper
730427201120833536,11,10,3652,1116,Eskimo Dog,
730211855403241472,11,10,4033,1136,Pug,
729823566028484608,13,10,4203,1329,Kelpie,
729463711119904772,13,10,6128,2476,German Shepherd,
728986383096946689,11,10,3336,880,Maltese Dog,
728760639972315136,13,10,4924,1830,Pembroke,
728751179681943552,10,10,2928,729,Saint Bernard,
728409960103686147,10,10,5185,2164,Saint Bernard,
728387165835677696,12,10,3868,1028,Collie,
728046963732717569,11,10,4538,1263,Newfoundland,
728035342121635841,12,10,4792,1792,Pomeranian,Pupper
728015554473250816,11,10,4314,1177,Cocker Spaniel,Pupper
727685679342333952,12,10,3099,687,Border Collie,
727644517743104000,13,10,6216,1879,Great Pyrenees,Doggo
727524757080539137,10,10,4707,1314,Pomeranian,Pupper
727314416056803329,11,10,3497,805,Toy Poodle,Pupper
727175381690781696,10,10,4082,1478,Flat Coated Retriever,
726935089318363137,12,10,7256,2634,Toy Poodle,
726887082820554753,10,10,4036,1618,Soft Coated Wheaten Terrier,
726828223124897792,12,10,3740,1084,Miniature Pinscher,
725842289046749185,12,10,7427,2846,Toy Poodle,
725786712245440512,11,10,4388,1459,Chow,Pupper
725729321944506368,12,10,5469,1913,Boxer,
724983749226668032,12,10,3897,1402,Golden Retriever,
724771698126512129,11,10,2494,689,German Short Haired Pointer,Doggo
724405726123311104,10,10,5584,1771,Golden Retriever,Pupper
724049859469295616,10,10,4554,1896,Border Collie,
724046343203856385,10,10,2808,597,Boxer,
724004602748780546,11,10,4407,1691,Pug,Pupper
723912936180330496,12,10,4095,1313,Samoyed,
723688335806480385,12,10,8124,3199,Chow,
723673163800948736,10,10,3182,957,Golden Retriever,
722613351520608256,12,10,5216,1755,Labrador Retriever,
721503162398597120,11,10,4899,2011,Pomeranian,
721001180231503872,11,10,2658,660,Samoyed,Pupper
720785406564900865,12,10,3281,832,Chihuahua,
720775346191278080,10,10,2608,732,Newfoundland,
720415127506415616,10,10,4338,1602,Rottweiler,
720389942216527872,11,10,6755,2706,Pembroke,
720043174954147842,11,10,5155,2155,Samoyed,
719991154352222208,10,10,5075,1875,Golden Retriever,Doggo
719551379208073216,10,10,5314,2077,Malamute,
719367763014393856,11,10,2937,794,Soft Coated Wheaten Terrier,
719339463458033665,10,10,4646,1344,Golden Retriever,
719332531645071360,11,10,3594,1029,Dandie Dinmont,
718971898235854848,10,10,3666,1179,Golden Retriever,
718939241951195136,12,10,5505,1886,Pembroke,
718631497683582976,10,10,19895,8675,Pomeranian,
718613305783398402,11,10,2566,519,Labrador Retriever,
718540630683709445,10,10,2621,1085,Maltese Dog,
718234618122661888,11,10,4074,1076,Malamute,
717841801130979328,11,10,2577,638,Brittany Spaniel,
717537687239008257,11,10,6053,1978,Golden Retriever,
717047459982213120,12,10,6594,2045,Golden Retriever,
717009362452090881,10,10,3447,1046,Siberian Husky,Pupper
716802964044845056,10,10,4496,1261,Malinois,
716791146589110272,11,10,5833,1488,Pomeranian,
716285507865542656,12,10,2925,1164,Yorkshire Terrier,
716080869887381504,11,10,5138,1869,Golden Retriever,Doggo
715928423106027520,11,10,3358,940,Pug,
715733265223708672,10,10,4918,1817,Dandie Dinmont,
715696743237730304,10,10,4111,1381,Staffordshire Bullterrier,
715680795826982913,12,10,4558,1740,Golden Retriever,
715342466308784130,10,10,3185,732,West Highland White Terrier,
715220193576927233,10,10,2543,701,Chihuahua,
715200624753819648,12,10,5395,2023,Chihuahua,
715009755312439296,12,10,4385,1326,Chihuahua,
714957620017307648,10,10,4354,1523,Great Pyrenees,
714606013974974464,12,10,3810,1001,Norfolk Terrier,
714258258790387713,10,10,3161,771,Collie,
714214115368108032,13,10,2389,941,Pug,
714141408463036416,10,10,4530,1500,Labrador Retriever,
713919462244790272,12,10,3451,834,Siberian Husky,
713761197720473600,12,10,5137,1482,Brittany Spaniel,
713411074226274305,11,10,4637,1385,Great Pyrenees,
713177543487135744,10,10,7580,3041,Whippet,
713175907180089344,10,10,4699,1562,Malamute,
712809025985978368,10,10,19588,7228,Labrador Retriever,
712717840512598017,10,10,13021,5375,Great Pyrenees,
712668654853337088,10,10,4381,1306,Labrador Retriever,
712438159032893441,11,10,5602,1682,Great Pyrenees,
712097430750289920,10,10,3997,1108,Labrador Retriever,
712085617388212225,11,10,3417,520,Shih Tzu,
711998809858043904,12,10,0,136,Kuvasz,
711743778164514816,11,10,2996,1061,Lakeland Terrier,
711732680602345472,10,10,9364,4427,Ibizan Hound,
711363825979756544,11,10,3852,1215,Pembroke,
711008018775851008,11,10,3155,666,French Bulldog,Pupper
710997087345876993,12,10,4799,1494,Malamute,
710844581445812225,10,10,2680,740,Pembroke,
710833117892898816,12,10,2832,580,Pembroke,
710588934686908417,12,10,4794,2017,Pembroke,
710283270106132480,11,10,2246,553,Shih Tzu,
710272297844797440,11,10,4767,1353,Old English Sheepdog,
710269109699739648,13,10,2533,1211,Pug,
710153181850935296,11,10,3065,962,Cocker Spaniel,
710117014656950272,11,10,5795,2135,Toy Poodle,Pupper
709918798883774466,12,10,3143,1147,Pembroke,
709852847387627521,12,10,3688,1282,Chihuahua,
709566166965075968,12,10,3735,1295,Chow,
709556954897764353,12,10,3459,1141,Golden Retriever,
709449600415961088,10,10,2347,635,Maltese Dog,
709225125749587968,11,10,2530,614,Labrador Retriever,
709207347839836162,11,10,13291,6271,Chihuahua,
709158332880297985,10,10,2156,449,Siberian Husky,
708834316713893888,10,10,1791,542,Eskimo Dog,
708810915978854401,10,10,17394,7478,Golden Retriever,
708738143638450176,11,10,2888,877,Pomeranian,
708711088997666817,11,10,2690,782,German Short Haired Pointer,
708479650088034305,13,10,2688,724,Shih Tzu,
708469915515297792,11,10,3250,883,Chihuahua,
708356463048204288,10,10,3820,1440,Pug,
708349470027751425,11,10,2478,791,Basenji,
708149363256774660,10,10,4506,1659,Cardigan,
708130923141795840,11,10,3571,900,French Bulldog,
708109389455101952,10,10,2033,581,Staffordshire Bullterrier,
708026248782585858,13,10,4604,2063,Malinois,
707969809498152960,11,10,2857,1044,Toy Poodle,
707776935007539200,11,10,3454,1018,Miniature Pinscher,
707741517457260545,10,10,2631,655,Whippet,
707610948723478529,12,10,17880,6905,Golden Retriever,
707411934438625280,11,10,2405,643,Lakeland Terrier,Pupper
707387676719185920,10,10,3703,1399,Chihuahua,
707315916783140866,10,10,2611,689,Bernese Mountain Dog,Pupper
707297311098011648,10,10,2914,856,Blenheim Spaniel,
707059547140169728,11,10,2715,729,Samoyed,
707038192327901184,10,10,2322,854,Pug,
707021089608753152,12,10,4295,1472,Cocker Spaniel,
707014260413456384,11,10,2434,645,Chihuahua,
706681918348251136,12,10,3504,1042,Toy Poodle,
706538006853918722,11,10,3653,1520,Chow,
706516534877929472,12,10,3268,1112,Golden Retriever,
706346369204748288,12,10,3639,994,Tibetan Mastiff,
706310011488698368,12,10,22636,8605,Pembroke,Pupper
706291001778950144,11,10,1798,502,Border Terrier,
706265994973601792,11,10,2882,987,Papillon,
705975130514706432,10,10,3272,797,Staffordshire Bullterrier,Pupper
705970349788291072,12,10,3318,959,Golden Retriever,
705898680587526145,10,10,2506,602,Collie,
705786532653883392,11,10,2059,571,Labrador Retriever,Pupper
705591895322394625,11,10,3346,1237,Basenji,
705475953783398401,12,10,3123,999,Golden Retriever,
705442520700944385,12,10,4707,1773,Great Pyrenees,
705428427625635840,11,10,4034,1821,Chihuahua,Pupper
705239209544720384,11,10,3163,810,Chihuahua,
705102439679201280,10,10,2273,551,Collie,
705066031337840642,12,10,2295,653,Airedale,
704871453724954624,12,10,4513,1199,Norfolk Terrier,
704859558691414016,10,10,2389,587,Pug,Pupper
704847917308362754,12,10,5401,1650,Golden Retriever,
704761120771465216,13,10,7012,3123,Chihuahua,Pupper
704499785726889984,12,10,3104,1078,Chihuahua,
704480331685040129,11,10,3590,1142,Samoyed,
704364645503647744,12,10,8494,3830,Pembroke,
704347321748819968,10,10,1675,377,Brittany Spaniel,Pupper
703774238772166656,10,10,1951,500,Labrador Retriever,
703769065844768768,10,10,3488,1224,Boxer,
703611486317502464,10,10,4083,1634,Pembroke,Pupper
703382836347330562,12,10,3708,1230,Golden Retriever,
703268521220972544,12,10,2080,592,Kuvasz,Pupper
703079050210877440,11,10,7795,3340,Pembroke,
702684942141153280,11,10,3403,1161,Golden Retriever,
702671118226825216,10,10,2316,604,Bloodhound,
702598099714314240,11,10,10935,3530,Kelpie,Pupper
702539513671897089,12,10,3037,1031,Pomeranian,
702321140488925184,12,10,3466,1110,West Highland White Terrier,
702276748847800320,11,10,2620,822,Boston Bull,
701981390485725185,12,10,3640,1071,Pomeranian,
701952816642965504,11,10,4023,1102,Toy Poodle,
701889187134500865,11,10,3768,1486,French Bulldog,
701601587219795968,10,10,2209,495,Chihuahua,
701545186879471618,10,10,2812,659,Border Collie,Pupper
701214700881756160,12,10,12943,5515,Chihuahua,
700890391244103680,11,10,2346,618,Schipperke,
700864154249383937,12,10,2742,661,Kuvasz,Pupper
700847567345688576,10,10,2574,539,Rhodesian Ridgeback,
700747788515020802,11,10,24148,10099,Great Pyrenees,
700518061187723268,10,10,2797,860,American Staffordshire Terrier,
700505138482569216,12,10,2413,617,Norwegian Elkhound,
700167517596164096,10,10,2801,802,Beagle,
700151421916807169,11,10,2369,714,Italian Greyhound,Pupper
700143752053182464,10,10,7970,2968,Golden Retriever,Pupper
700029284593901568,10,10,2189,628,West Highland White Terrier,
699801817392291840,11,10,3233,1036,Golden Retriever,Pupper
699788877217865730,12,10,2377,534,Border Terrier,
699779630832685056,10,10,2932,1336,Malinois,
699775878809702401,11,10,2075,655,Dandie Dinmont,
699446877801091073,12,10,6276,2815,Pembroke,
699434518667751424,12,10,2292,547,Golden Retriever,Pupper
699423671849451520,10,10,1452,357,Pug,
699413908797464576,11,10,2183,668,Samoyed,
699370870310113280,11,10,1990,472,Cairn,
699323444782047232,10,10,3339,930,Labrador Retriever,
699072405256409088,12,10,3176,1275,Shih Tzu,
699036661657767936,13,10,2757,1289,Chihuahua,Pupper
698989035503689728,13,10,3579,1061,Norfolk Terrier,
698953797952008193,11,10,2867,972,Italian Greyhound,
698907974262222848,10,10,2687,667,German Short Haired Pointer,
698710712454139905,10,10,2619,737,Samoyed,
698635131305795584,12,10,1362,368,Samoyed,
698355670425473025,10,10,1978,486,Pug,
698342080612007937,11,10,2397,1019,Boxer,
698262614669991936,11,10,5023,2165,Italian Greyhound,
698178924120031232,10,10,2960,794,Chesapeake Bay Retriever,
697995514407682048,11,10,1617,359,Staffordshire Bullterrier,
697990423684476929,11,10,3477,1392,Pembroke,
697943111201378304,10,10,2548,744,Great Dane,
697616773278015490,11,10,3346,1089,Lhasa,Pupper
697596423848730625,11,10,3211,1360,Shetland Sheepdog,Pupper
697270446429966336,10,10,4938,2004,Toy Poodle,
697255105972801536,10,10,3189,1250,Great Dane,
697242256848379904,10,10,2662,716,Eskimo Dog,
696900204696625153,12,10,3380,1103,Chihuahua,
696886256886657024,12,10,5114,1929,Kuvasz,
696754882863349760,10,10,1558,386,Toy Poodle,
696488710901260288,12,10,2689,1112,Briard,
695816827381944320,11,10,3181,1262,Pomeranian,
695794761660297217,13,10,3371,845,Samoyed,
695767669421768709,13,10,1982,801,Soft Coated Wheaten Terrier,
695446424020918272,12,10,4615,1949,Basenji,
695409464418041856,10,10,9125,3844,Pug,
695314793360662529,10,10,3855,1588,Maltese Dog,
695095422348574720,12,10,2793,661,Papillon,Pupper
695074328191332352,11,10,3013,1189,Shih Tzu,Pupper
694356675654983680,10,10,1595,312,Pomeranian,Pupper
694352839993344000,10,10,2156,670,Australian Terrier,
694206574471057408,10,10,4433,2186,Shih Tzu,
694001791655137281,11,10,3586,1114,Pembroke,
693942351086120961,10,10,1835,398,Groenendael,
693629975228977152,12,10,2587,865,Pug,Pupper
693622659251335168,10,10,1632,399,Malamute,
693280720173801472,10,10,3560,1339,Labrador Retriever,
693262851218264065,11,10,2359,540,Golden Retriever,Pupper
693155686491000832,12,10,8351,3449,Shih Tzu,
693109034023534592,11,10,1823,661,Cocker Spaniel,
693095443459342336,10,10,1988,499,Yorkshire Terrier,Pupper
692905862751522816,10,10,2582,946,Mexican Hairless,Pupper
692901601640583168,10,10,1898,654,Soft Coated Wheaten Terrier,
692894228850999298,10,10,2414,871,German Short Haired Pointer,
692828166163931137,12,10,3038,950,Samoyed,Pupper
692752401762250755,13,10,7227,3917,Samoyed,Pupper
692568918515392513,12,10,4606,1656,Golden Retriever,
692535307825213440,10,10,3382,1463,Pug,
692530551048294401,10,10,1954,454,Siberian Husky,
692187005137076224,12,10,2671,881,Siberian Husky,
692158366030913536,10,10,2283,855,Pug,
692142790915014657,13,10,1740,424,Toy Poodle,
691756958957883396,10,10,3057,1102,Saint Bernard,
691675652215414786,10,10,2058,548,Chihuahua,
691459709405118465,12,10,4302,1242,Shetland Sheepdog,
691444869282295808,12,10,2804,917,Bernese Mountain Dog,
691416866452082688,13,10,20472,8248,Lakeland Terrier,
691321916024623104,11,10,2725,711,Rottweiler,
691096613310316544,11,10,3142,961,Borzoi,
690959652130045952,11,10,3799,1355,Golden Retriever,
690735892932222976,13,10,4011,1382,Golden Retriever,
690690673629138944,10,10,2469,858,Maltese Dog,
690649993829576704,11,10,1385,302,Mexican Hairless,
690597161306841088,11,10,2085,649,Lhasa,
690400367696297985,10,10,1982,489,Pembroke,
690374419777196032,11,10,3451,929,Kuvasz,
690021994562220032,10,10,2967,1115,Malamute,
690015576308211712,12,10,2662,795,Malamute,Pupper
690005060500217858,10,10,3886,1817,Samoyed,
689999384604450816,10,10,1514,403,Standard Poodle,
689977555533848577,12,10,1448,481,Labrador Retriever,
689905486972461056,11,10,2577,746,Pomeranian,Pupper
689835978131935233,11,10,2292,816,Collie,
689661964914655233,12,10,3392,1005,Italian Greyhound,
689623661272240129,10,10,2367,697,Toy Poodle,Pupper
689599056876867584,11,10,12314,5962,Cocker Spaniel,
689557536375177216,12,10,2169,499,Eskimo Dog,
689517482558820352,12,10,3593,1546,Pembroke,
689280876073582592,10,10,2120,777,Chihuahua,
689275259254616065,10,10,1227,265,American Staffordshire Terrier,
689143371370250240,10,10,2143,557,English Springer,Pupper
688916208532455424,11,10,2895,940,Pembroke,Pupper
688898160958271489,10,10,2230,850,Ibizan Hound,
688804835492233216,12,10,1016,211,Malinois,
688519176466644993,12,10,2449,791,Pembroke,Pupper
688385280030670848,12,10,9854,4808,Golden Retriever,
688116655151435777,10,10,2992,847,Pug,
688064179421470721,11,10,1825,386,Eskimo Dog,
687826841265172480,12,10,2891,1220,Pomeranian,
687818504314159109,12,10,2650,1022,Lakeland Terrier,Pupper
687807801670897665,11,10,2535,756,Staffordshire Bullterrier,
687664829264453632,11,10,2054,552,Pug,
687480748861947905,12,10,1696,263,English Springer,
687460506001633280,10,10,2166,587,Boston Bull,
687317306314240000,11,10,21284,9895,Shih Tzu,
687124485711986689,11,10,2294,547,Beagle,
687109925361856513,11,10,6152,2663,Borzoi,
687096057537363968,11,10,2374,655,Labrador Retriever,Pupper
686730991906516992,12,10,4391,1295,Tibetan Mastiff,
686683045143953408,11,10,2977,867,Norwich Terrier,Pupper
686618349602762752,11,10,3897,1464,Rottweiler,Pupper
686606069955735556,10,10,2002,583,Labrador Retriever,
686386521809772549,11,10,3448,950,Yorkshire Terrier,
686377065986265092,10,10,2354,603,German Shepherd,Pupper
686358356425093120,10,10,2331,737,Pug,
686050296934563840,11,10,2338,790,Pomeranian,
686034024800862208,12,10,3307,1260,Great Dane,
686007916130873345,11,10,2619,452,Rhodesian Ridgeback,Pupper
685973236358713344,11,10,2235,569,Siberian Husky,
685663452032069632,12,10,3447,1582,Chesapeake Bay Retriever,
685325112850124800,10,10,10043,4320,Golden Retriever,
685321586178670592,10,10,2809,694,Boston Bull,
685315239903100929,11,10,3549,1167,Chow,
685307451701334016,11,10,2197,475,Pomeranian,Floofer
685268753634967552,10,10,3285,1303,Pug,Pupper
685198997565345792,11,10,2473,720,Old English Sheepdog,
685169283572338688,11,10,4338,1538,Bernese Mountain Dog,Pupper
684940049151070208,12,10,3414,1126,Border Collie,
684926975086034944,11,10,3709,506,Labrador Retriever,
684914660081053696,12,10,3716,1575,Chow,
684902183876321280,11,10,1991,571,Pembroke,
684800227459624960,11,10,2868,1078,Miniature Schnauzer,
684594889858887680,10,10,9472,3821,Weimaraner,
684538444857667585,12,10,2807,1035,Chihuahua,
684481074559381504,10,10,4098,1262,Chihuahua,
684460069371654144,10,10,2099,599,Labrador Retriever,
684241637099323392,12,10,8640,3571,Pembroke,
684188786104872960,10,10,3685,1266,Kelpie,
684177701129875456,10,10,2136,729,Chow,
684097758874210310,10,10,4353,1557,Labrador Retriever,
683857920510050305,10,10,4037,1205,Bluetick,
683852578183077888,10,10,2039,379,Toy Poodle,
683828599284170753,12,10,2963,1146,Malamute,Pupper
683742671509258241,11,10,6889,3599,Pembroke,
683498322573824003,11,10,3353,1037,Airedale,
683481228088049664,11,10,2788,1073,Keeshond,Pupper
683449695444799489,10,10,4124,1739,Lakeland Terrier,
683391852557561860,11,10,8059,2584,French Bulldog,
683357973142474752,10,10,3105,1015,Pembroke,
683111407806746624,10,10,3602,985,Cocker Spaniel,Pupper
683098815881154561,12,10,2295,713,Golden Retriever,
683030066213818368,10,10,2278,791,Boxer,
682662431982772225,11,10,3218,1167,Beagle,
682638830361513985,12,10,2176,649,English Springer,
682393905736888321,11,10,2367,741,Vizsla,
682032003584274432,11,10,6955,2178,Schipperke,
681981167097122816,12,10,2938,1112,Labrador Retriever,
681891461017812993,10,10,2610,893,Chihuahua,Pupper
681694085539872773,11,10,13502,4379,Toy Poodle,Pupper
681654059175129088,12,10,2797,1003,Pomeranian,Pupper
681610798867845120,12,10,2018,511,Toy Poodle,
681523177663676416,12,10,15145,6300,Norfolk Terrier,
681320187870711809,11,10,2807,820,Samoyed,
681297372102656000,12,10,3374,1034,Lhasa,
681281657291280384,11,10,3403,1191,Saint Bernard,
681231109724700672,11,10,2533,523,Irish Setter,Pupper
681193455364796417,11,10,3924,1612,Pomeranian,
680934982542561280,10,10,2195,476,Labrador Retriever,
680913438424612864,11,10,2527,668,Pomeranian,
680836378243002368,12,10,3650,1436,Pembroke,Pupper
680801747103793152,10,10,2501,895,Pug,
680497766108381184,12,10,4471,2066,Chihuahua,
680473011644985345,10,10,2684,806,Lakeland Terrier,Pupper
680191257256136705,11,10,2266,549,Brittany Spaniel,Pupper
680161097740095489,12,10,2444,793,Bluetick,
680145970311643136,10,10,3822,1879,Miniature Poodle,Pupper
680130881361686529,10,10,2423,1024,Maltese Dog,
680100725817409536,11,10,3775,1480,Golden Retriever,Pupper
680055455951884288,10,10,17638,7682,Samoyed,
679862121895714818,11,10,2596,672,Entlebucher,
679844490799091713,10,10,2501,829,Airedale,
679828447187857408,13,10,38272,15158,Chihuahua,Pupper
679777920601223168,10,10,3254,1205,Bloodhound,Pupper
679462823135686656,11,10,33485,20323,Toy Poodle,
679158373988876288,11,10,22662,8749,Pug,
679132435750195208,10,10,3125,1246,Scottish Deerhound,
679111216690831360,12,10,6267,2751,Kelpie,
679062614270468097,11,10,17989,8856,Schipperke,
678991772295516161,12,10,2444,1267,Eskimo Dog,
678969228704284672,11,10,1725,497,Labrador Retriever,
678800283649069056,12,10,2711,973,Labrador Retriever,Pupper
678774928607469569,11,10,2936,994,Pembroke,
678764513869611008,10,10,1718,515,Irish Terrier,
678755239630127104,10,10,7514,3564,Malamute,
678643457146150913,10,10,2155,457,Labrador Retriever,
678446151570427904,10,10,4200,1693,Staffordshire Bullterrier,
678410210315247616,10,10,4453,1962,Schipperke,
678399652199309312,12,10,80065,33579,Bedlington Terrier,
678396796259975168,12,10,1669,451,Pembroke,
678389028614488064,11,10,1962,452,Miniature Pinscher,Pupper
678380236862578688,10,10,2561,970,Samoyed,
678341075375947776,12,10,1809,581,Golden Retriever,Pupper
678334497360859136,10,10,1368,286,Norfolk Terrier,
678278586130948096,10,10,12039,6520,Maltese Dog,Pupper
678021115718029313,12,10,14448,6837,Miniature Pinscher,
677918531514703872,10,10,1413,440,Eskimo Dog,
677700003327029250,10,10,3562,1543,Siberian Husky,
677687604918272002,11,10,2599,903,Pembroke,
677644091929329666,11,10,1971,852,Chihuahua,
677557565589463040,10,10,2553,1246,Shih Tzu,Pupper
677547928504967168,12,10,7264,3896,American Staffordshire Terrier,
677328882937298944,10,10,3801,1599,Kelpie,
677314812125323265,10,10,1723,575,Blenheim Spaniel,
677269281705472000,10,10,2085,754,Shetland Sheepdog,Pupper
676975532580409345,11,10,2905,1144,Malamute,
676957860086095872,10,10,2308,863,Labrador Retriever,
676946864479084545,12,10,1777,405,Pekinese,
676864501615042560,10,10,2202,760,Chesapeake Bay Retriever,
676821958043033607,11,10,24118,16698,Great Pyrenees,
676819651066732545,12,10,1882,707,Labrador Retriever,Pupper
676617503762681856,13,10,3027,1048,Chihuahua,Pupper
676613908052996102,12,10,1137,208,Doberman,
676606785097199616,12,10,1969,468,Malinois,
676533798876651520,12,10,1959,596,Chow,
676470639084101634,11,10,12131,4969,Golden Retriever,Pupper
676440007570247681,11,10,1797,713,Maltese Dog,
676430933382295552,10,10,1463,368,Golden Retriever,
676263575653122048,10,10,2169,582,Toy Poodle,Pupper
676219687039057920,10,10,78138,33065,Whippet,
676191832485810177,10,10,2379,1093,Chihuahua,
676146341966438401,10,10,1997,712,Irish Water Spaniel,
676101918813499392,11,10,2931,1232,Shih Tzu,
675898130735476737,10,10,1708,609,Labrador Retriever,Pupper
675888385639251968,10,10,2475,1021,West Highland White Terrier,
675878199931371520,11,10,4354,1487,Cardigan,
675870721063669760,11,10,1708,606,Golden Retriever,
675845657354215424,10,10,2377,947,Pug,Pupper
675822767435051008,10,10,1586,566,Pomeranian,
675820929667219457,11,10,1093,244,Basset,
675798442703122432,10,10,10667,3598,Beagle,
675781562965868544,11,10,1690,504,Maltese Dog,
675740360753160193,12,10,1209,368,Golden Retriever,Pupper
675710890956750848,12,10,1970,881,Standard Schnauzer,
675707330206547968,11,10,2066,739,Staffordshire Bullterrier,
675706639471788032,10,10,670,103,English Springer,
675534494439489536,11,10,1887,443,Chow,
675531475945709568,10,10,1226,410,Pembroke,
675522403582218240,10,10,1081,303,Cocker Spaniel,
675517828909424640,12,10,1356,487,Scottish Deerhound,
675497103322386432,11,10,3260,1378,Vizsla,
675489971617296384,10,10,1348,631,West Highland White Terrier,
675432746517426176,12,10,1584,598,Labrador Retriever,
675372240448454658,13,10,1767,537,Chihuahua,
675362609739206656,12,10,1086,242,Labrador Retriever,
675354435921575936,13,10,34006,18176,Golden Retriever,
675349384339542016,13,10,4065,2392,Borzoi,
675334060156301312,12,10,2884,1366,Pembroke,Pupper
675166823650848770,10,10,3748,1718,Standard Poodle,
675149409102012420,12,10,3880,1777,Chow,
675147105808306176,10,10,979,254,Golden Retriever,
675047298674663426,11,10,1098,345,Samoyed,
675015141583413248,10,10,2811,1267,Golden Retriever,
675006312288268288,10,10,1011,239,Boxer,Pupper
675003128568291329,12,10,1606,501,Pembroke,
674999807681908736,13,10,2330,1163,Rottweiler,
674805413498527744,10,10,891,373,English Springer,
674800520222154752,11,10,3113,909,Pembroke,
674793399141146624,13,10,2594,1152,Giant Schnauzer,
674790488185167872,13,10,1143,268,Labrador Retriever,
674774481756377088,11,10,1169,503,Chihuahua,Pupper
674764817387900928,10,10,812,251,Samoyed,
674752233200820224,12,10,1509,489,Vizsla,
674743008475090944,10,10,1451,583,Bernese Mountain Dog,
674739953134403584,11,10,1150,419,Dandie Dinmont,
674737130913071104,10,10,665,96,Pomeranian,Pupper
674644256330530816,11,10,1064,284,Basset,
674638615994089473,12,10,1739,611,Pomeranian,Pupper
674468880899788800,13,10,6423,2171,Chow,
674447403907457024,10,10,1092,375,Brabancon Griffon,Pupper
674422304705744896,12,10,1481,560,Golden Retriever,
674416750885273600,10,10,705,147,Chihuahua,
674410619106390016,10,10,1234,488,Beagle,
674291837063053312,11,10,15229,6204,Cardigan,
674271431610523648,10,10,1619,766,German Shepherd,
674255168825880576,10,10,1517,589,Eskimo Dog,
674082852460433408,11,10,777,179,Pomeranian,
674075285688614912,11,10,1007,302,Airedale,
674053186244734976,10,10,3425,1367,Cardigan,
674051556661161984,10,10,1491,505,Shih Tzu,
674042553264685056,12,10,742,135,Toy Poodle,
674038233588723717,12,10,1135,431,Eskimo Dog,Pupper
674024893172875264,10,10,1841,1292,Pomeranian,
674019345211760640,10,10,1169,314,Collie,
674014384960745472,11,10,1611,682,Pembroke,
673956914389192708,10,10,2009,1013,Pug,Pupper
673919437611909120,11,10,1205,384,Schipperke,Pupper
673887867907739649,10,10,959,263,Brabancon Griffon,
673711475735838725,10,10,1068,310,Maltese Dog,
